MARCA,MODELO,CAMBIO,CILINDRADAS,ANO_DE_MODELO,PRECO_MEDIO
Baby,Buggy 1.6 2-Lug.,manual,1.6,1997,5116.0
Baby,Buggy 1.6/ TST/ RS 1.6 4-Lug.,manual,1.6,1998,6071.0
Baby,Buggy 1.6/ TST/ RS 1.6 4-Lug.,manual,1.6,1997,5369.0
Baby,Buggy 1.6/ TST/ RS 1.6 4-Lug.,manual,1.6,1996,5197.0
BRM,Buggy/M-8/M-8 Long 1.6,manual,1.6,1994,6767.0
BRM,Buggy/M-8/M-8 Long 1.6,manual,1.6,1993,6537.0
BRM,Buggy/M-8/M-8 Long 1.6,manual,1.6,1992,6130.0
BRM,Buggy/M-8/M-8 Long 1.6,manual,1.6,1991,5897.0
BRM,Buggy/M-8/M-8 Long 1.6,manual,1.6,1990,5547.0
BRM,Buggy/M-8/M-8 Long 1.6,manual,1.6,1989,5404.0
BRM,Buggy/M-8/M-8 Long 1.6,manual,1.6,1988,5221.0
BRM,Buggy/M-8/M-8 Long 1.6,manual,1.6,1987,5020.0
GM - Chevrolet,Chevette L / SL / SL/e / DL / SE 1.6,manual,1.6,1986,5747.0
GM - Chevrolet,Chevy 500 DL / SL / SE/ Furgão 1.6,manual,1.6,1990,6104.0
GM - Chevrolet,Chevy 500 DL / SL / SE/ Furgão 1.6,manual,1.6,1989,5581.0
GM - Chevrolet,Ipanema GL 1.8 MPFI / EFI /SL 4p,manual,1.8,1995,6866.0
GM - Chevrolet,Ipanema GL 1.8 MPFI / EFI /SL 4p,manual,1.8,1992,6983.0
GM - Chevrolet,Ipanema GL 1.8 MPFI / EFI /SL 4p,manual,1.8,1991,6790.0
GM - Chevrolet,Ipanema GL 1.8 MPFI / EFI /SL 4p,manual,1.8,1990,6138.0
GM - Chevrolet,Ipanema GLS/SLE 2.0EFI /SL/e1.8/Sol/Wave,manual,2.0,1990,6616.0
GM - Chevrolet,Ipanema GLS/SLE 2.0EFI /SL/e1.8/Sol/Wave,manual,2.0,1989,5483.0
GM - Chevrolet,Kadett GL/SL/Lite/Turim 1.8,manual,1.8,1991,6718.0
GM - Chevrolet,Kadett GL/SL/Lite/Turim 1.8,manual,1.8,1990,6457.0
GM - Chevrolet,Kadett GL/SL/Lite/Turim 1.8,manual,1.8,1989,5440.0
GM - Chevrolet,Kadett GLS 1.8 EFI / SL/e 1.8,manual,1.8,1990,6126.0
GM - Chevrolet,Kadett GLS 1.8 EFI / SL/e 1.8,manual,1.8,1989,5717.0
GM - Chevrolet,Monza GL 1.8 EFI/ SL/ L/ 650/Barc. 2e4p,manual,1.8,1989,6595.0
GM - Chevrolet,Monza GL 1.8 EFI/ SL/ L/ 650/Barc. 2e4p,manual,1.8,1988,5649.0
GM - Chevrolet,Monza GL 1.8 EFI/ SL/ L/ 650/Barc. 2e4p,manual,1.8,1987,5426.0
GM - Chevrolet,Monza Classic/ SL/e/SR 1.8,manual,1.8,1988,6412.0
GM - Chevrolet,Monza Classic/ SL/e/SR 1.8,manual,1.8,1987,5878.0
GM - Chevrolet,Monza GL 2.0 EFI/SL/L/650/Club/Barc.2e4p,manual,2.0,1988,6937.0
GM - Chevrolet,Monza GL 2.0 EFI/SL/L/650/Club/Barc.2e4p,manual,2.0,1987,5728.0
GM - Chevrolet,Monza Classic SE 2.0 /MPFI e EFI 2p e 4p,manual,2.0,1987,6667.0
GM - Chevrolet,Caravan L/SL/S/SS 2.5/4.1/4.2,manual,2.5,1988,6097.0
GM - Chevrolet,Cavalier L 2.0,manual,2.0,1991,6602.0
Chrysler,Neon LE/Highline 2.0,manual,2.0,1995,6522.0
Chrysler,Neon LE/Highline 2.0,manual,2.0,1994,5239.0
Chrysler,Neon Sport 1.8/2.0,manual,1.8,1995,6873.0
Chrysler,Neon Sport 1.8/2.0,manual,1.8,1994,5752.0
Citroën,Xantia SX 2.0 8V/16V Mec./Aut.,automatic,2.0,1995,6393.0
Citroën,Xantia Break 2.0 8V/GLX 2.0 16V Aut,automatic,2.0,1996,6778.0
Citroën,Xantia Break 2.0 8V/GLX 2.0 16V Aut,automatic,2.0,1995,6445.0
Citroën,Xantia SX 1.8,manual,1.8,1997,6309.0
Citroën,Xantia SX 1.8,manual,1.8,1996,5582.0
Citroën,Xsara Break GLX 1.8 16V,manual,1.8,1998,6104.0
Citroën,Xsara GLX 1.8 16V 5p Mec.,manual,1.8,1999,6935.0
Citroën,Xsara GLX 1.8 16V 5p Mec.,manual,1.8,1998,6601.0
Citroën,ZX Paris 1.8,manual,1.8,1998,6797.0
Citroën,ZX Paris 1.8,manual,1.8,1997,6351.0
Citroën,ZX Paris 1.8,manual,1.8,1996,5333.0
Citroën,XM Sensation 2.0 TB,manual,2.0,1994,6696.0
Citroën,XM Sensation 2.0 TB,manual,2.0,1993,6123.0
Citroën,XM Sensation 2.0 TB,manual,2.0,1992,5511.0
Citroën,Xantia 2.0 16V,manual,2.0,1996,6670.0
Citroën,Xantia 2.0 16V,manual,2.0,1995,5622.0
Citroën,Xantia 2.0 16V,manual,2.0,1994,5448.0
Citroën,Xantia Break GLX 2.0 16V Mec.,manual,2.0,1996,6694.0
Daewoo,Espero CD / DLX 2.0,manual,2.0,1994,6948.0
Daewoo,Prince Ace 2.0,manual,2.0,1995,5881.0
Daewoo,Prince Ace 2.0,manual,2.0,1994,5520.0
Daewoo,Lanos SX 1.6 16V,manual,1.6,1997,6461.0
Daewoo,Leganza CDX 2.0 16V Mec.,manual,2.0,1997,6917.0
Daewoo,Nubira CDX 2.0 16V Mec.,manual,2.0,1998,6373.0
Daewoo,Nubira CDX 2.0 16V Mec.,manual,2.0,1997,5913.0
Daewoo,Lanos SX 1.6 16V Aut.,automatic,1.6,1997,6555.0
Daewoo,Racer GTi 1.5 16V,manual,1.5,1995,5735.0
Daewoo,Espero 2.0,manual,2.0,1994,6158.0
Daihatsu,Charade Sedan 1.5/DLX 1.3,manual,1.5,1994,6404.0
Daihatsu,Charade Sedan 1.3i 16V,manual,1.3,1995,6844.0
Daihatsu,Charade Sedan 1.3i 16V,manual,1.3,1994,5958.0
Daihatsu,Gran Move 1.5/1.6 16V,manual,1.5,1998,6830.0
Daihatsu,Gran Move 1.5/1.6 16V,manual,1.5,1997,6314.0
Daihatsu,Gran Move 1.5/1.6 16V,manual,1.5,1996,5126.0
Daihatsu,Applause DLX 1.6 16V,manual,1.6,1995,6843.0
Daihatsu,Applause DLX 1.6 16V,manual,1.6,1994,5505.0
Daihatsu,Applause 1.6 16V,manual,1.6,1995,6114.0
Daihatsu,Applause 1.6 16V,manual,1.6,1994,5502.0
Daihatsu,Charade CX/TS 1.0,manual,1.0,1995,6967.0
Daihatsu,Charade CX/TS 1.0,manual,1.0,1994,5435.0
Fiat,Palio EX 1.0 mpi 2p,manual,1.0,1998,6610.0
Fiat,Palio 1.6 mpi 16V 2p,manual,1.6,1996,6790.0
Fiat,Uno Furgão 1.5 mpi/i.e.,manual,1.5,1998,6687.0
Fiat,Uno Furgão 1.5 mpi/i.e.,manual,1.5,1997,5618.0
Fiat,Uno Furgão 1.5 mpi/i.e.,manual,1.5,1996,5464.0
Fiat,Uno Furgão 1.5 mpi/i.e.,manual,1.5,1996,5039.0
Fiat,Elba S 1.6/ 1.5ie / 1.5 / 1.3,manual,1.6,1992,5253.0
Fiat,Elba S 1.6/ 1.5ie / 1.5 / 1.3,manual,1.6,1991,5108.0
Fiat,Elba CS 1.6 / 1.5 /1.3,manual,1.6,1992,6006.0
Fiat,Elba CS 1.6 / 1.5 /1.3,manual,1.6,1991,5841.0
Fiat,Elba CS 1.6 / 1.5 /1.3,manual,1.6,1990,5352.0
Fiat,Elba Weekend 1.5 i.e. 2p e 4p,manual,1.5,1996,6185.0
Fiat,Elba Weekend 1.5 i.e. 2p e 4p,manual,1.5,1995,5648.0
Fiat,Elba Weekend 1.5 i.e. 2p e 4p,manual,1.5,1993,6973.0
Fiat,Elba Weekend 1.5 i.e. 2p e 4p,manual,1.5,1992,6334.0
Fiat,Elba Weekend 1.5 i.e. 2p e 4p,manual,1.5,1991,5975.0
Fiat,Elba 1.6i.e/Top/CSL/ 1.6i.e/1.5 2p e 4p,manual,1.6,1996,6198.0
Fiat,Elba 1.6i.e/Top/CSL/ 1.6i.e/1.5 2p e 4p,manual,1.6,1992,6866.0
Fiat,Elba 1.6i.e/Top/CSL/ 1.6i.e/1.5 2p e 4p,manual,1.6,1991,6677.0
Fiat,Elba 1.6i.e/Top/CSL/ 1.6i.e/1.5 2p e 4p,manual,1.6,1990,6422.0
Fiat,Elba 1.6i.e/Top/CSL/ 1.6i.e/1.5 2p e 4p,manual,1.6,1989,5467.0
Fiat,Fiorino Furg.1.5/1.3/1.3 Fire/1.3 F.Flex,manual,1.5,1989,6824.0
Fiat,Fiorino Furg.1.5/1.3/1.3 Fire/1.3 F.Flex,manual,1.5,1988,5742.0
Fiat,Fiorino Furg.1.5/1.3/1.3 Fire/1.3 F.Flex,manual,1.5,1987,5408.0
Fiat,Fiorino Furg.1.5/1.3/1.3 Fire/1.3 F.Flex,manual,1.5,1986,5232.0
Fiat,Fiorino Pick-Up 1.5 i.e./1.3/1.5/HD,manual,1.5,1992,6836.0
Fiat,Fiorino Pick-Up 1.5 i.e./1.3/1.5/HD,manual,1.5,1991,6576.0
Fiat,Fiorino Pick-Up 1.5 i.e./1.3/1.5/HD,manual,1.5,1990,6404.0
Fiat,Fiorino Pick-Up 1.5 i.e./1.3/1.5/HD,manual,1.5,1989,5344.0
Fiat,Palio EL 1.5 mpi 2p e 4p,manual,1.5,1996,6977.0
Fiat,Premio S 1.5 i.e./ 1.5 / 1.3,manual,1.5,1993,5536.0
Fiat,Premio S 1.5 i.e./ 1.5 / 1.3,manual,1.5,1992,5386.0
Fiat,Premio S 1.5 i.e./ 1.5 / 1.3,manual,1.5,1991,5238.0
Fiat,Premio CS 1.6/ 1.5/ 1.3 2p,manual,1.6,1994,6351.0
Fiat,Premio CS 1.6/ 1.5/ 1.3 2p,manual,1.6,1993,6178.0
Fiat,Premio CS 1.6/ 1.5/ 1.3 2p,manual,1.6,1992,6008.0
Fiat,Premio CS 1.6/ 1.5/ 1.3 2p,manual,1.6,1991,5807.0
Fiat,Premio CS 1.5 i.e. 2p/ SL 1.6/1.5/1.3 4p,manual,1.5,1992,6532.0
Fiat,Premio CS 1.5 i.e. 2p/ SL 1.6/1.5/1.3 4p,manual,1.5,1991,6184.0
Fiat,Premio CS 1.5 i.e. 2p/ SL 1.6/1.5/1.3 4p,manual,1.5,1990,5718.0
Fiat,Premio CSL 1.6/ 1.5,manual,1.6,1994,6806.0
Fiat,Premio CSL 1.6/ 1.5,manual,1.6,1993,6240.0
Fiat,Premio CSL 1.6/ 1.5,manual,1.6,1992,6070.0
Fiat,Premio CSL 1.6/ 1.5,manual,1.6,1991,5904.0
Fiat,Premio CSL 1.6/ 1.5,manual,1.6,1990,5405.0
Fiat,Premio CSL 1.6 i.e./ 1.5 4p,manual,1.6,1993,6922.0
Fiat,Premio CSL 1.6 i.e./ 1.5 4p,manual,1.6,1992,6549.0
Fiat,Premio CSL 1.6 i.e./ 1.5 4p,manual,1.6,1991,6368.0
Fiat,Premio CSL 1.6 i.e./ 1.5 4p,manual,1.6,1990,5447.0
Fiat,Premio CSL 1.6 i.e./ 1.5 4p,manual,1.6,1989,5151.0
Fiat,Tempra 2.0 i.e 16V 2p e 4p,manual,2.0,1995,6210.0
Fiat,Tempra Ouro/Prata 2.0 2p e 4p,manual,2.0,1992,5830.0
Fiat,Tipo 1.6 mpi 4p,manual,1.6,1997,6242.0
Fiat,Tipo 1.6 mpi 4p,manual,1.6,1996,5436.0
Fiat,Uno Mille 1.0/ i.e./Electronic/Brio 2p,manual,1.0,1991,6538.0
Fiat,Uno Mille 1.0/ i.e./Electronic/Brio 2p,manual,1.0,1990,5458.0
Fiat,Uno S 1.5 i.e. / 1.5 / 1.3/ SX 1.3,manual,1.5,1994,6806.0
Fiat,Uno S 1.5 i.e. / 1.5 / 1.3/ SX 1.3,manual,1.5,1993,6598.0
Fiat,Uno S 1.5 i.e. / 1.5 / 1.3/ SX 1.3,manual,1.5,1992,6416.0
Fiat,Uno S 1.5 i.e. / 1.5 / 1.3/ SX 1.3,manual,1.5,1991,6238.0
Fiat,Uno S 1.5 i.e. / 1.5 / 1.3/ SX 1.3,manual,1.5,1990,5254.0
Fiat,Uno S 1.5 i.e. / 1.5 / 1.3/ SX 1.3,manual,1.5,1989,5116.0
Fiat,Uno CS/Top/Sport 1.5 i.e. / 1.5 /1.3,manual,1.5,1995,6714.0
Fiat,Uno CS/Top/Sport 1.5 i.e. / 1.5 /1.3,manual,1.5,1993,6813.0
Fiat,Uno CS/Top/Sport 1.5 i.e. / 1.5 /1.3,manual,1.5,1992,6625.0
Fiat,Uno CS/Top/Sport 1.5 i.e. / 1.5 /1.3,manual,1.5,1991,6367.0
Fiat,Uno CS/Top/Sport 1.5 i.e. / 1.5 /1.3,manual,1.5,1990,5572.0
Fiat,Uno CS/Top/Sport 1.5 i.e. / 1.5 /1.3,manual,1.5,1989,5286.0
Fiat,Uno CS/Top/Sport 1.5 i.e. / 1.5 4p,manual,1.5,1993,6954.0
Fiat,Uno CSL 1.6 4p (Argentino),manual,1.6,1992,6803.0
Fiat,Uno CSL 1.6 4p (Argentino),manual,1.6,1991,6355.0
Fiat,Uno 1.6R mpi / 1.6R / 1.5R,manual,1.6,1991,6656.0
Fiat,Uno 1.6R mpi / 1.6R / 1.5R,manual,1.6,1990,6034.0
Fiat,Uno 1.6R mpi / 1.6R / 1.5R,manual,1.6,1989,5025.0
Fiat,Tipo 1.6 i.e. 2p e 4p,manual,1.6,1995,6056.0
Fiat,Tipo 1.6 i.e. 2p e 4p,manual,1.6,1994,5687.0
Fiat,Tipo 1.6 i.e. 2p e 4p,manual,1.6,1993,5097.0
Fiat,Tipo 2.0 SLX 4p,manual,2.0,1994,6786.0
Fiat,Tempra 2.0 i.e. 8V 2p e 4p,manual,2.0,1995,6003.0
Fiat,Marea SX 1.8 16V 4p,manual,1.8,1999,6885.0
Fiat,Duna 1.6ie,manual,1.6,1995,6399.0
Fiat,Duna 1.6ie,manual,1.6,1994,5420.0
Fibravan,Buggy Plus 1.6 8V,manual,1.6,2002,6615.0
Fibravan,Buggy Plus 1.6 8V,manual,1.6,2001,6211.0
Fibravan,Buggy Plus 1.6 8V,manual,1.6,2000,6041.0
Fibravan,Buggy Plus 1.6 8V,manual,1.6,1999,5846.0
Fibravan,Buggy Plus 1.6 8V,manual,1.6,1998,5229.0
Fibravan,Buggy Plus 1.6 8V,manual,1.6,1997,5065.0
Ford,Escort GL 1.8i 16V 4p,manual,1.8,1997,6714.0
Ford,Fiesta 1.0i 3p e 5p,manual,1.0,1997,6614.0
Ford,Fiesta 1.0i 3p e 5p,manual,1.0,1996,6181.0
Ford,Ka 1.0i 3p,manual,1.0,1997,6510.0
Ford,Ka CLX 1.3i 3p,manual,1.3,1997,6843.0
Ford,Del Rey L 1.8 / 1.6 2p e 4p,manual,1.8,1990,6417.0
Ford,Del Rey L 1.8 / 1.6 2p e 4p,manual,1.8,1989,5048.0
Ford,Del Rey GLX 1.6/1.8 / GL 1.6/1.8 2p e 4p,manual,1.6,1987,5981.0
Ford,Del Rey Ghia 1.8 / 1.6 2p e 4p,manual,1.8,1987,6656.0
Ford,Escort Hobby 1.0,manual,1.0,1995,6748.0
Ford,Escort Hobby 1.0,manual,1.0,1994,6555.0
Ford,Escort Hobby 1.0,manual,1.0,1993,6374.0
Ford,Escort Hobby 1.6,manual,1.6,1995,6806.0
Ford,Escort Hobby 1.6,manual,1.6,1994,6585.0
Ford,Escort Hobby 1.6,manual,1.6,1993,6404.0
Ford,Escort L/LX 1.6,manual,1.6,1992,6690.0
Ford,Escort L/LX 1.6,manual,1.6,1991,6392.0
Ford,Escort L/LX 1.6,manual,1.6,1990,5071.0
Ford,Escort L 1.8i / 1.8,manual,1.8,1991,6868.0
Ford,Escort GL 1.6i / 1.6,manual,1.6,1996,6232.0
Ford,Escort GL 1.6i / 1.6,manual,1.6,1995,5950.0
Ford,Escort GL 1.6i / 1.6,manual,1.6,1993,6587.0
Ford,Escort GL 1.6i / 1.6,manual,1.6,1992,6404.0
Ford,Escort GL 1.6i / 1.6,manual,1.6,1991,6072.0
Ford,Escort GL 1.6i / 1.6,manual,1.6,1990,5832.0
Ford,Escort GL 1.8i / 1.8,manual,1.8,1992,6602.0
Ford,Escort GL 1.8i / 1.8,manual,1.8,1991,6334.0
Ford,Escort GL 1.8i / 1.8,manual,1.8,1990,5877.0
Ford,Escort GLX 1.6i,manual,1.6,1996,6874.0
Ford,Escort GLX 1.6i,manual,1.6,1995,6959.0
Ford,Escort GLX 1.6i,manual,1.6,1995,5980.0
Ford,Escort GLX 1.6i,manual,1.6,1994,6506.0
Ford,Escort Guarujá 1.8 4p,manual,1.8,1993,6665.0
Ford,Escort Guarujá 1.8 4p,manual,1.8,1992,6481.0
Ford,Escort Guarujá 1.8 4p,manual,1.8,1991,5247.0
Ford,Escort Ghia 1.8i / 1.8 / 1.6,manual,1.8,1995,6421.0
Ford,Escort Ghia 1.8i / 1.8 / 1.6,manual,1.8,1994,6813.0
Ford,Escort Ghia 1.8i / 1.8 / 1.6,manual,1.8,1993,6451.0
Ford,Escort Ghia 1.8i / 1.8 / 1.6,manual,1.8,1992,5950.0
Ford,Escort Ghia 1.8i / 1.8 / 1.6,manual,1.8,1991,5606.0
Ford,Escort Ghia 1.8i / 1.8 / 1.6,manual,1.8,1990,5427.0
Ford,Escort Ghia 1.8i / 1.8 / 1.6,manual,1.8,1989,5186.0
Ford,Escort XR3 1.8 / 1.6 Beneton/Form./Laser,manual,1.8,1989,6696.0
Ford,Escort XR3 1.8 / 1.6 Beneton/Form./Laser,manual,1.8,1988,6003.0
Ford,Escort XR3 1.8 / 1.6 Beneton/Form./Laser,manual,1.8,1987,5545.0
Ford,Escort XR3 1.8 / 1.6 Conversível,manual,1.8,1985,5078.0
Ford,Fiesta CLX 1.3i 3p,manual,1.3,1997,6875.0
Ford,Fiesta CLX 1.3i 3p,manual,1.3,1996,6342.0
Ford,Fiesta CLX 1.3i 5p,manual,1.3,1996,6528.0
Ford,Pampa L 1.6,manual,1.6,1988,6847.0
Ford,Pampa L 1.6,manual,1.6,1987,6085.0
Ford,Pampa L 1.6,manual,1.6,1986,5811.0
Ford,Pampa GL 1.6/ 1.8,manual,1.6,1987,6523.0
Ford,Pampa GL 1.6/ 1.8,manual,1.6,1986,5489.0
Ford,Pampa GL 1.6/ 1.8,manual,1.6,1985,5125.0
Ford,Pampa 4x4 Jeep GL / L 1.6,manual,1.6,1988,6585.0
Ford,Pampa 4x4 Jeep GL / L 1.6,manual,1.6,1987,5840.0
Ford,Pampa 4x4 Jeep GL / L 1.6,manual,1.6,1986,5473.0
Ford,Royale GL 1.8/1.8i 2p e 4p,manual,1.8,1995,6035.0
Ford,Royale GL 1.8/1.8i 2p e 4p,manual,1.8,1993,6965.0
Ford,Royale GL 1.8/1.8i 2p e 4p,manual,1.8,1992,5323.0
Ford,Royale GL 2.0/2.0i 2p e 4p,manual,2.0,1992,5545.0
Ford,Royale Ghia 2.0/2.0i 2p e 4p,manual,2.0,1992,6059.0
Ford,Verona GL 1.8i / LX 1.8i 4p,manual,1.8,1996,6002.0
Ford,Verona GL 1.8i / LX 1.8i 4p,manual,1.8,1995,5521.0
Ford,Verona GL 1.8i / LX 1.8i 4p,manual,1.8,1994,6844.0
Ford,Verona GLX 1.8i / 1.8 4p,manual,1.8,1995,6693.0
Ford,Verona GLX 1.8i / 1.8 4p,manual,1.8,1994,6978.0
Ford,Verona GLX 2.0i / 2.0 4p,manual,2.0,1994,6983.0
Ford,Verona LX 1.6 (Modelo antigo),manual,1.6,1992,5718.0
Ford,Verona LX 1.6 (Modelo antigo),manual,1.6,1991,5511.0
Ford,Verona LX 1.6 (Modelo antigo),manual,1.6,1990,5338.0
Ford,Verona LX 1.8 (Modelo antigo),manual,1.8,1992,6147.0
Ford,Verona LX 1.8 (Modelo antigo),manual,1.8,1991,5994.0
Ford,Verona LX 1.8 (Modelo antigo),manual,1.8,1990,5801.0
Ford,Verona GLX 1.8 (Modelo antigo),manual,1.8,1992,6926.0
Ford,Verona GLX 1.8 (Modelo antigo),manual,1.8,1991,6735.0
Ford,Verona GLX 1.8 (Modelo antigo),manual,1.8,1990,6354.0
Ford,Versailles GL 1.8i / 1.8 2p e 4p,manual,1.8,1993,6796.0
Ford,Versailles GL 1.8i / 1.8 2p e 4p,manual,1.8,1992,6166.0
Ford,Versailles GL 2.0i / 2.0 2p e 4p,manual,2.0,1991,6109.0
Ford,Versailles Ghia 2.0i / 2.0 2p e 4p,manual,2.0,1991,6435.0
Ford,Fiesta 1.3 3p e 5p,manual,1.3,1996,5445.0
Ford,Fiesta 1.3 3p e 5p,manual,1.3,1995,5295.0
Ford,Mondeo CLX 1.8i SW,manual,1.8,1995,6312.0
Ford,Mondeo CLX 2.0i 4p Mec,manual,2.0,1996,6657.0
Ford,Mondeo CLX 2.0i 4p Mec,manual,2.0,1995,6139.0
Ford,Mondeo CLX 2.0i SW Mec,manual,2.0,1996,6922.0
Ford,Mondeo CLX 2.0i SW Mec,manual,2.0,1995,6551.0
Ford,Mondeo GLX 2.0 4p e 5p,manual,2.0,1994,6360.0
Ford,Taurus L/LX 3.0 V6,manual,3.0,1991,6954.0
Ford,Ka Street 1.0i,manual,1.0,1998,5772.0
Ford,Taurus GL SW 3.0 V6 24V,manual,3.0,1991,6935.0
Ford,Pampa Ghia 1.6/1.8/DUO,manual,1.6,1988,6681.0
Ford,Pampa Ghia 1.6/1.8/DUO,manual,1.6,1987,6165.0
Ford,Furglaine 3.6,manual,3.6,1985,6961.0
Ford,Taurus SHO 3.0 V6,manual,3.0,1991,6879.0
Ford,F-100 2.3,manual,2.3,1986,6636.0
Ford,F-100 2.3,manual,2.3,1985,5746.0
Ford,F-100 Super 2.3,manual,2.3,1985,6925.0
Ford,Fiesta Class 1.0 2p,manual,1.0,1999,6864.0
Ford,Fiesta Class 1.0 2p,manual,1.0,1998,6233.0
Hyundai,Accent GLS 1.5 12V/16V Mec.,manual,1.5,1996,5921.0
Hyundai,Accent GLS 1.5 12V/16V Mec.,manual,1.5,1995,5652.0
Hyundai,Accent L/ LR 1.5 2/4p,manual,1.5,1997,6192.0
Hyundai,Accent L/ LR 1.5 2/4p,manual,1.5,1996,5860.0
Hyundai,Accent L/ LR 1.5 2/4p,manual,1.5,1995,5405.0
Hyundai,Sonata GL 2.0 4p,manual,2.0,1996,6376.0
Hyundai,Sonata GL 2.0 4p,manual,2.0,1995,5969.0
Hyundai,Sonata GL 2.0 4p,manual,2.0,1994,5587.0
Hyundai,Sonata GL 2.0 4p,manual,2.0,1993,5358.0
Hyundai,Elantra Wagon 1.8 16V,manual,1.8,1996,6884.0
Hyundai,Elantra GLS 1.6,manual,1.6,1993,6443.0
Hyundai,Elantra GLS 1.6,manual,1.6,1992,5302.0
Hyundai,Accent GLS 1.5 12V/16V Aut.,automatic,1.5,1995,6716.0
Kia Motors,Besta Furgão 2.2 Diesel,manual,2.2,1993,6904.0
Kia Motors,Sephia GTX 1.5 16V,manual,1.5,1998,5647.0
Kia Motors,Sephia GTX 1.5 16V,manual,1.5,1997,5493.0
Kia Motors,Sephia GTX 1.5 16V,manual,1.5,1996,5168.0
Kia Motors,Sephia GTX 1.6,manual,1.6,1995,5562.0
Mazda,323 1.6 16V,manual,1.6,1995,6611.0
Mazda,323 1.6 16V,manual,1.6,1994,5161.0
Mitsubishi,Mirage GS 16V/ GLSi1.6,manual,1.6,1992,6722.0
Mitsubishi,Mirage GS 16V/ GLSi1.6,manual,1.6,1991,5650.0
Mitsubishi,Lancer LS 1.8,manual,1.8,1994,6885.0
Mitsubishi,Lancer LS 1.8,manual,1.8,1993,6696.0
Mitsubishi,Galant GS 2.0 V6,manual,2.0,1992,6723.0
Nissan,Maxima GXE 3.0,manual,3.0,1992,6818.0
Nissan,Maxima GXE 3.0,manual,3.0,1991,6567.0
Nissan,Altima GXE 2.4 16V,manual,2.4,1994,6877.0
Nissan,Altima GXE 2.4 16V,manual,2.4,1993,6177.0
Nissan,Altima SE 2.4 16V,manual,2.4,1993,6709.0
Nissan,Maxima SE 3.0 V6,manual,3.0,1993,6927.0
Nissan,Maxima SE 3.0 V6,manual,3.0,1992,6200.0
Nissan,Maxima SE 3.0 V6,manual,3.0,1991,5810.0
Nissan,Stanza XE 2.4 12V,manual,2.4,1992,6832.0
Peugeot,205 XSi/ Junior 1.4 3p,manual,1.4,1998,6489.0
Peugeot,205 XSi/ Junior 1.4 3p,manual,1.4,1997,6174.0
Peugeot,306 XS 1.6 3p/ ST 1.8i 4p,manual,1.6,1996,6834.0
Peugeot,306 XS 1.6 3p/ ST 1.8i 4p,manual,1.6,1995,5931.0
Peugeot,306 XSi 2.0 3/5p,manual,2.0,1995,6088.0
Peugeot,306 XSi 2.0 3/5p,manual,2.0,1994,5793.0
Peugeot,405 GLi/ GL 1.6,manual,1.6,1996,5025.0
Peugeot,405 GRi 1.8,manual,1.8,1996,6571.0
Peugeot,405 GRi 1.8,manual,1.8,1995,5702.0
Peugeot,405 GRi 1.8,manual,1.8,1994,5229.0
Peugeot,405 SRi 1.8,manual,1.8,1996,6796.0
Peugeot,405 SRi 1.8,manual,1.8,1995,6040.0
Peugeot,405 SRi 1.8,manual,1.8,1994,5571.0
Peugeot,405 SRi 1.8,manual,1.8,1993,5344.0
Peugeot,405 SRi 2.0,manual,2.0,1994,6721.0
Peugeot,605 SRi/ SLi 2.0,manual,2.0,1994,6442.0
Peugeot,605 SV 3.0 Aut.,automatic,3.0,1993,6669.0
Peugeot,605 SV 3.0 Aut.,automatic,3.0,1992,6179.0
Peugeot,106 Selection 1.0 3p,manual,1.0,2000,6278.0
Peugeot,106 Selection 1.0 3p,manual,1.0,1999,5283.0
Peugeot,106 Soleil 1.0 3p,manual,1.0,1999,6862.0
Peugeot,106 Soleil 1.0 3p,manual,1.0,1998,6512.0
Peugeot,106 Passion 1.0 3p,manual,1.0,1998,6638.0
Peugeot,306 Break Passion 1.8 16V,manual,1.8,1998,6407.0
Peugeot,306 Selection Hatch 1.8 16V,manual,1.8,1998,6561.0
Peugeot,306 Selection Sedan 1.8 16V,manual,1.8,1998,6708.0
Peugeot,306 Passion 1.8 16V,manual,1.8,1998,6387.0
Peugeot,306 XN 1.8,manual,1.8,1998,6489.0
Peugeot,306 XN 1.8,manual,1.8,1997,6284.0
Peugeot,106 KID 1.0,manual,1.0,1995,5327.0
Peugeot,106 KID 1.0,manual,1.0,1994,5181.0
Peugeot,306 XR 1.8 / XR Break 1.8 16V,manual,1.8,1996,6953.0
Peugeot,504 GD 2.3 Diesel,manual,2.3,1992,6452.0
Peugeot,306 Soleil 1.8 16V 2p,manual,1.8,2000,6999.0
Peugeot,306 Soleil 1.8 16V 2p,manual,1.8,1999,6753.0
Peugeot,605 SRi 3.0,manual,3.0,1992,5491.0
Peugeot,205 CTi Cabriolet 1.4,manual,1.4,1995,6891.0
Peugeot,205 CTi Cabriolet 1.4,manual,1.4,1994,5851.0
Peugeot,205 CTi Cabriolet 1.4,manual,1.4,1993,5145.0
Peugeot,106 Passion 1.0 5p,manual,1.0,1998,6811.0
Peugeot,106 Selection 1.0 5p,manual,1.0,1999,5361.0
Peugeot,106 Selection 1.0 5p,manual,1.0,1998,5141.0
Peugeot,106 Soleil 1.0 5p,manual,1.0,1998,6651.0
Peugeot,206 Selection/ Sensation 1.0 16v 3p,manual,1.0,2001,6986.0
Plymouth,Sundance 2.5,manual,2.5,1992,5833.0
Renault,19 RT 1.8/ 1.8i,manual,1.8,1994,6631.0
Renault,Clio RL 1.6 3p/5p,manual,1.6,1997,5626.0
Renault,Clio RT 1.6 5p,manual,1.6,1998,6889.0
Renault,Clio RT 1.6 5p,manual,1.6,1997,6699.0
Renault,Clio RT 1.6 5p,manual,1.6,1996,5812.0
Renault,Laguna RT 2.0,manual,2.0,1994,6109.0
Renault,Twingo 1.2,manual,1.2,1995,6856.0
Renault,Twingo 1.2,manual,1.2,1994,6589.0
Renault,Clio RN 1.6 3p (importado),manual,1.6,1998,6191.0
Renault,Clio RL / Yahoo/ Authent. 1.0 8V 5p,automatic,1.0,1999,6752.0
Renault,Clio RL / Yahoo/ Authent. 1.0 8V 5p,automatic,1.0,1998,5096.0
Renault,Clio RN 1.6 5p,manual,1.6,1999,6495.0
Renault,Clio RN 1.6 5p,manual,1.6,1998,6318.0
Renault,Clio RN 1.6 5p,manual,1.6,1997,6013.0
Renault,Clio RN 1.6 5p,manual,1.6,1996,5265.0
Renault,Twingo Easy 1.2,manual,1.2,1995,5809.0
Renault,21 TXE/ TXi 2.2,manual,2.2,1994,5439.0
Renault,Twingo Pack 1.0 8V,manual,1.0,1998,6791.0
Seat,Cordoba SXE 1.8 / GLX 1.8 4p,manual,1.8,1997,6773.0
Seat,Cordoba SXE 1.8 / GLX 1.8 4p,manual,1.8,1996,6074.0
Seat,Cordoba SXE 1.8 / GLX 1.8 4p,manual,1.8,1995,5812.0
Seat,Ibiza SXE/GLX 1.8,manual,1.8,1996,6339.0
Seat,Ibiza SXE/GLX 1.8,manual,1.8,1995,5616.0
Subaru,Legacy GL 2.0/ GLS Mec,manual,2.0,1994,6462.0
Subaru,Legacy GL 2.0/ GLS Mec,manual,2.0,1993,5357.0
Subaru,Legacy SW 2.2,manual,2.2,1993,6897.0
Subaru,Legacy SW 2.2,manual,2.2,1992,6057.0
Subaru,Legacy GL 1.8,manual,1.8,1994,5558.0
Subaru,Legacy GL 1.8,manual,1.8,1993,5252.0
Subaru,Legacy GX TW 2.2 4x4 Mec.,manual,2.2,1992,6651.0
Suzuki,Swift GTi 1.3 3p,manual,1.3,1992,5571.0
Suzuki,Swift Hatch 1.0 3p e 5p,manual,1.0,1994,5748.0
Suzuki,Baleno 1.6 16V Mec.,manual,1.6,1997,6983.0
Suzuki,Baleno 1.6 16V Mec.,manual,1.6,1996,6012.0
Suzuki,Baleno 1.6 16V Mec.,manual,1.6,1995,5302.0
Suzuki,Swift Hatch/ Sedan 1.3,manual,1.3,1994,6737.0
Suzuki,Baleno 1.6 16V Aut.,automatic,1.6,1996,6850.0
Suzuki,Baleno 1.6 16V Aut.,automatic,1.6,1995,5833.0
Suzuki,Swift Sedan 1.6 16V,manual,1.6,1993,6096.0
VW - VolksWagen,Saveiro CL 1.6 Mi / CL/ C 1.6,manual,1.6,1988,5911.0
VW - VolksWagen,Saveiro CL 1.6 Mi / CL/ C 1.6,manual,1.6,1987,5097.0
VW - VolksWagen,Apolo GL 1.8,manual,1.8,1991,6795.0
VW - VolksWagen,Apolo GL 1.8,manual,1.8,1990,6180.0
VW - VolksWagen,Apolo GLS/ Vip 1.8,manual,1.8,1990,6265.0
VW - VolksWagen,Gol Furgao 1.0 mi,manual,1.0,1998,6712.0
VW - VolksWagen,Gol CLi / CL/ Copa/ Stones 1.6,manual,1.6,1988,6564.0
VW - VolksWagen,Gol CLi / CL/ Copa/ Stones 1.6,manual,1.6,1987,5696.0
VW - VolksWagen,Gol CLi / CL/ Copa/ Stones 1.6,manual,1.6,1986,5395.0
VW - VolksWagen,Gol GLi / GL/ Atlanta 1.8,manual,1.8,1988,6297.0
VW - VolksWagen,Gol GT/GTS 1.8,manual,1.8,1985,5965.0
VW - VolksWagen,Logus 1.6 / CLi / CL/ GL,manual,1.6,1997,6760.0
VW - VolksWagen,Logus 1.6 / CLi / CL/ GL,manual,1.6,1996,5937.0
VW - VolksWagen,Logus 1.6 / CLi / CL/ GL,manual,1.6,1995,6728.0
VW - VolksWagen,Logus 1.6 / CLi / CL/ GL,manual,1.6,1995,5359.0
VW - VolksWagen,Logus 1.6 / CLi / CL/ GL,manual,1.6,1994,5370.0
VW - VolksWagen,Logus 1.6 / CLi / CL/ GL,manual,1.6,1993,5222.0
VW - VolksWagen,Logus 1.8 / CLi / CL,manual,1.8,1995,6972.0
VW - VolksWagen,Logus 1.8 / CLi / CL,manual,1.8,1995,6469.0
VW - VolksWagen,Logus 1.8 / CLi / CL,manual,1.8,1994,6508.0
VW - VolksWagen,Logus 1.8 / CLi / CL,manual,1.8,1993,5384.0
VW - VolksWagen,Logus GLi / GL 1.8,manual,1.8,1993,6530.0
VW - VolksWagen,Logus GLS 1.8,manual,1.8,1994,5788.0
VW - VolksWagen,Logus GLS 1.8,manual,1.8,1993,5628.0
VW - VolksWagen,Parati CLi / CL/ Atlanta 1.6,manual,1.6,1988,6187.0
VW - VolksWagen,Parati GL 1.6 Mi/ 1.6/ GLS/ Club 1.6,manual,1.6,1988,6719.0
VW - VolksWagen,Parati GL 1.6 Mi/ 1.6/ GLS/ Club 1.6,manual,1.6,1987,5283.0
VW - VolksWagen,Parati GLi / GL 1.8,manual,1.8,1988,6439.0
VW - VolksWagen,Parati GLi / GL 1.8,manual,1.8,1987,5178.0
VW - VolksWagen,Pointer 1.8 / CLi,manual,1.8,1996,6766.0
VW - VolksWagen,Pointer 1.8 / CLi,manual,1.8,1996,6101.0
VW - VolksWagen,Pointer 1.8 / CLi,manual,1.8,1995,5773.0
VW - VolksWagen,Pointer 1.8 / CLi,manual,1.8,1995,5933.0
VW - VolksWagen,Pointer GLi 1.8,manual,1.8,1995,6880.0
VW - VolksWagen,Pointer GLi 1.8,manual,1.8,1994,5690.0
VW - VolksWagen,Quantum CLi / CL / C/ CS/ CD/ CG 1.8/2.0,manual,1.8,1990,6075.0
VW - VolksWagen,Quantum CLi / CL / C/ CS/ CD/ CG 1.8/2.0,manual,1.8,1989,5064.0
VW - VolksWagen,Quantum GLi / GL 1.8/ 2.0,manual,1.8,1990,6090.0
VW - VolksWagen,Quantum GLi / GL 1.8/ 2.0,manual,1.8,1989,5407.0
VW - VolksWagen,Quantum GLi / GL 1.8/ 2.0,manual,1.8,1988,5144.0
VW - VolksWagen,Quantum GLSi / GLS 1.8/Sport/ Family 2.0,manual,1.8,1988,6340.0
VW - VolksWagen,Quantum GLSi / GLS 1.8/Sport/ Family 2.0,manual,1.8,1987,6154.0
VW - VolksWagen,Santana CLi /CL /C 1.8/2.0 /SU 2.0 2p/4p,manual,1.8,1989,5673.0
VW - VolksWagen,Santana CLi /CL /C 1.8/2.0 /SU 2.0 2p/4p,manual,1.8,1988,5514.0
VW - VolksWagen,Santana GLi / GL/ Sport 1.8/ 2.0,manual,1.8,1987,6452.0
VW - VolksWagen,Santana GLSi / GLS 1.8/ 2.0,manual,1.8,1987,6896.0
VW - VolksWagen,Saveiro GL 1.8Mi e 1.6/GL/LS/S/ Sunset,manual,1.8,1988,6175.0
VW - VolksWagen,Saveiro GL 1.8Mi e 1.6/GL/LS/S/ Sunset,manual,1.8,1987,5337.0
VW - VolksWagen,Saveiro GL 1.8Mi e 1.6/GL/LS/S/ Sunset,manual,1.8,1986,5198.0
VW - VolksWagen,VOYAGE C/CL/Fox 1.6,manual,1.6,1987,6133.0
VW - VolksWagen,Passat 2.0,manual,2.0,1993,6748.0
VW - VolksWagen,Passat 2.0,manual,2.0,1992,5949.0
VW - VolksWagen,Passat 2.0,manual,2.0,1991,5676.0
VW - VolksWagen,Passat Variant 2.0,manual,2.0,1992,6876.0
VW - VolksWagen,Passat Variant 2.0,manual,2.0,1991,6615.0
VW - VolksWagen,Santana Evidenc 2.0 MI,manual,2.0,1989,5336.0
VW - VolksWagen,Gol L 1.3/ L/ LS/ C/ S/ BX/ Plus 1.6,manual,1.3,1988,5501.0
VW - VolksWagen,Gol L 1.3/ L/ LS/ C/ S/ BX/ Plus 1.6,manual,1.3,1987,5342.0
VW - VolksWagen,Gol L 1.3/ L/ LS/ C/ S/ BX/ Plus 1.6,manual,1.3,1986,5189.0
VW - VolksWagen,Gol L 1.3/ L/ LS/ C/ S/ BX/ Plus 1.6,manual,1.3,1985,5061.0
VW - VolksWagen,Gol Furgão 1.6 Mi/ 1.6i/ 1.6,manual,1.6,1994,6694.0
VW - VolksWagen,Gol Furgão 1.6 Mi/ 1.6i/ 1.6,manual,1.6,1993,6492.0
VW - VolksWagen,Gol Furgão 1.6 Mi/ 1.6i/ 1.6,manual,1.6,1992,6109.0
VW - VolksWagen,Gol Furgão 1.6 Mi/ 1.6i/ 1.6,manual,1.6,1991,5655.0
Volvo,460 GLT 2.0/ Turbo 1.8,manual,2.0,1993,6927.0
Volvo,460 GLT 2.0/ Turbo 1.8,manual,2.0,1992,6648.0
Volvo,440 Turbo 1.8,manual,1.8,1993,6435.0
Volvo,440 Turbo 1.8,manual,1.8,1992,6257.0
